Season,Age,Squad,Country,Comp,90s,LgRank,MP,Starts,Min,Gls,xG,Gls/90,Sh,SoT,SoT%,Sh/90,SoT/90,G/Sh,G/SoT
2019-2020,19,RB Salzburg,at AUT,1. Bundesliga,10.9,1st,14,11,980,16,,1.4678899082568806,53,26,49.1,4.87,2.39,0.28,0.58
2019-2020,19,Dortmund,de GER,1. Bundesliga,11.8,2nd,15,11,1063,13,8.8,1.1016949152542372,34,19,55.9,2.88,1.61,0.38,0.68
2020-2021,20,Dortmund,de GER,1. Bundesliga,26.7,3rd,28,27,2407,27,23.5,1.0112359550561798,89,47,52.8,3.33,1.76,0.28,0.53
2021-2022,21,Dortmund,de GER,1. Bundesliga,21.2,2nd,24,21,1911,22,17.9,1.0377358490566038,74,31,41.9,3.49,1.46,0.22,0.52
2022-2023,22,Manchester City,eng ENG,1. Premier League,30.8,1st,35,33,2769,36,28.4,1.1688311688311688,116,53,45.7,3.77,1.72,0.25,0.55
2023-2024,23,Manchester City,eng ENG,1. Premier League,27.4,1st,30,28,2462,27,28.5,0.9854014598540146,109,50,45.9,3.98,1.83,0.18,0.40
,,,,,,,,,,,,,,,,,,,
