Season,Age,Squad,Country,Comp,90s,LgRank,MP,Starts,Min,Gls,xG,Gls/90,Sh,SoT,SoT%,Sh/90,SoT/90,G/Sh,G/SoT
,,,,,,,,,,,,0.0,,,,,,,
2012-2013,22,Hoffenheim,de GER,1. Bundesliga,17.8,16th,25,17,1599,5.0,,0.28089887640449435,,21,,,1.18,,0.24
2013-2014,23,Eint Frankfurt,de GER,1. Bundesliga,18.5,13th,24,18,1665,9.0,,0.4864864864864865,,34,,,1.84,,0.26
2014-2015,24,Hannover 96,de GER,1. Bundesliga,27.5,13th,30,28,2474,8.0,,0.2909090909090909,,30,,,1.09,,0.23
2015-2016,25,Stoke City,eng ENG,1. Premier League,12.2,9th,22,10,1097,4.0,,0.3278688524590164,,16,,,1.31,,0.25
2016-2017,26,La Coruña,es ESP,1. La Liga,10.0,16th,20,9,901,5.0,,0.5,31,15,48.4,3.10,1.50,0.16,0.33
