Season,Age,Squad,Country,Comp,90s,LgRank,MP,Starts,Min,Gls,xG,Gls/90,Sh,SoT,SoT%,Sh/90,SoT/90,G/Sh,G/SoT
2019-2020,20,Lille,fr FRA,1. Ligue 1,25.4,4th,27,25,2287,13,15.5,0.5118110236220472,83,32,38.6,3.27,1.26,0.13,0.34
2020-2021,21,Napoli,it ITA,1. Serie A,17.5,5th,24,16,1573,10,10.6,0.5714285714285714,66,24,36.4,3.78,1.37,0.15,0.42
2021-2022,22,Napoli,it ITA,1. Serie A,22.0,3rd,27,23,1983,14,10.5,0.6363636363636364,91,29,31.9,4.13,1.32,0.15,0.48
2022-2023,23,Napoli,it ITA,1. Serie A,28.5,1st,32,30,2566,26,21.3,0.9122807017543859,132,52,39.4,4.63,1.82,0.18,0.46
2023-2024,24,Napoli,it ITA,1. Serie A,21.7,10th,24,22,1956,15,15.3,0.6912442396313364,83,35,42.2,3.82,1.61,0.14,0.34
8 Seasons,8 Seasons,4 Clubs,,4 Leagues,141.4,,173,141,12727,90,85.8,0.6364922206506365,551,215,39.0,3.90,1.52,0.15,0.38
