Season,Age,Squad,Country,Comp,90s,LgRank,MP,Starts,Min,Gls,xG,Gls/90,Sh,SoT,SoT%,Sh/90,SoT/90,G/Sh,G/SoT
2018-2019,18,Fiorentina,it ITA,1. Serie A,1.8,16th,10,1,160,0,1.5,0.0,10,1,10.0,5.63,0.56,0.00,0.00
2019-2020,19,Fiorentina,it ITA,1. Serie A,16.7,10th,30,13,1499,6,7.0,0.3592814371257485,64,17,26.6,3.84,1.02,0.08,0.29
2020-2021,20,Fiorentina,it ITA,1. Serie A,32.5,13th,37,34,2923,21,18.5,0.6461538461538462,80,33,41.3,2.46,1.02,0.19,0.45
2021-2022,21,Fiorentina,it ITA,1. Serie A,20.6,7th,21,21,1857,17,12.9,0.8252427184466019,69,27,39.1,3.34,1.31,0.17,0.44
2021-2022,21,Juventus,it ITA,1. Serie A,12.0,4th,15,12,1076,7,5.2,0.5833333333333334,44,19,43.2,3.68,1.59,0.16,0.37
2022-2023,22,Juventus,it ITA,1. Serie A,21.4,7th,27,22,1925,10,9.7,0.4672897196261683,65,20,30.8,3.04,0.94,0.12,0.40
